George,Lau,Saltlake,IN,Kolkata,WB,700091,8965478974,7456985632,abc@gmail.com,www.abc.com
Kaushik,Roy,Malad,IN,Mumbai,MH,400563,8563145876,9876547890,kaushik@gmail.com,www.kaushik.com
Sumit,Ganguly,IN,Ghansoli,Navi Mumbai,WB,400701,7896547895,59874563214,sumit@gmail.com,www.sumit.com
Avishek,Sen,IN,Salkia,Howrah,WB,713569,5698745335,45896321458,avishek@gmail.com,www.avishek.com
Amit,Das,SL,Kasba,Kolkata,WB,700078,4596547866,9874569874,amit@yahoo.com,www.amit.com
Tushar,Dixit,SL,Whitefield,Bangalore,KA,896547,8965478974,7456985632,tushar@gmail.com,www.abc.com
Kamal,Sen,BD,Chennai,Chennai,TN,789654,5698745632,9876547895,kamal@gmail.com,www.kamal.com
Subbu,Bala,BD,Chennai,Chennai,TN,789654,4569566,9876547895,subbu@gmail.com,www.subbu.com